[{"model": "admin.logentry", "pk": 1, "fields": {"action_time": "2023-11-27T17:07:27.422Z", "user": 1, "content_type": 8, "object_id": "1", "object_repr": "Punctuality - 20 pts", "action_flag": 1, "change_message": "[{\"added\": {}}]"}}, {"model": "admin.logentry", "pk": 2, "fields": {"action_time": "2023-11-27T17:07:43.844Z", "user": 1, "content_type": 8, "object_id": "2", "object_repr": "Grit - 20 pts", "action_flag": 1, "change_message": "[{\"added\": {}}]"}}, {"model": "admin.logentry", "pk": 3, "fields": {"action_time": "2023-11-27T17:08:01.238Z", "user": 1, "content_type": 8, "object_id": "3", "object_repr": "Communication - 20 pts", "action_flag": 1, "change_message": "[{\"added\": {}}]"}}, {"model": "admin.logentry", "pk": 4, "fields": {"action_time": "2023-11-27T17:08:39.199Z", "user": 1, "content_type": 8, "object_id": "4", "object_repr": "First Position - 30 pts", "action_flag": 1, "change_message": "[{\"added\": {}}]"}}, {"model": "admin.logentry", "pk": 5, "fields": {"action_time": "2023-11-27T17:09:04.943Z", "user": 1, "content_type": 8, "object_id": "5", "object_repr": "Second Position - 20 pts", "action_flag": 1, "change_message": "[{\"added\": {}}]"}}, {"model": "admin.logentry", "pk": 6, "fields": {"action_time": "2023-11-27T17:09:28.990Z", "user": 1, "content_type": 8, "object_id": "6", "object_repr": "Third Position - 10 pts", "action_flag": 1, "change_message": "[{\"added\": {}}]"}}, {"model": "admin.logentry", "pk": 7, "fields": {"action_time": "2023-11-27T17:10:18.998Z", "user": 1, "content_type": 7, "object_id": "1", "object_repr": "Pencil - 10 points ", "action_flag": 1, "change_message": "[{\"added\": {}}]"}}, {"model": "admin.logentry", "pk": 8, "fields": {"action_time": "2023-11-27T17:10:47.980Z", "user": 1, "content_type": 7, "object_id": "2", "object_repr": "Geometrical Set - 100 points ", "action_flag": 1, "change_message": "[{\"added\": {}}]"}}, {"model": "admin.logentry", "pk": 9, "fields": {"action_time": "2023-11-27T17:11:16.318Z", "user": 1, "content_type": 7, "object_id": "3", "object_repr": "Exercise Book - 50 points ", "action_flag": 1, "change_message": "[{\"added\": {}}]"}}, {"model": "admin.logentry", "pk": 10, "fields": {"action_time": "2023-11-27T17:11:26.709Z", "user": 1, "content_type": 7, "object_id": "4", "object_repr": "Pen - 20 points ", "action_flag": 1, "change_message": "[{\"added\": {}}]"}}, {"model": "admin.logentry", "pk": 11, "fields": {"action_time": "2023-11-27T17:11:56.852Z", "user": 1, "content_type": 6, "object_id": "2", "object_repr": "student1", "action_flag": 1, "change_message": "[{\"added\": {}}]"}}, {"model": "admin.logentry", "pk": 12, "fields": {"action_time": "2023-11-27T17:12:08.404Z", "user": 1, "content_type": 6, "object_id": "2", "object_repr": "student1", "action_flag": 2, "change_message": "[{\"changed\": {\"fields\": [\"First name\", \"Last name\", \"Is student\"]}}]"}}, {"model": "admin.logentry", "pk": 13, "fields": {"action_time": "2023-11-27T17:12:30.656Z", "user": 1, "content_type": 6, "object_id": "3", "object_repr": "student2", "action_flag": 1, "change_message": "[{\"added\": {}}]"}}, {"model": "admin.logentry", "pk": 14, "fields": {"action_time": "2023-11-27T17:12:39.873Z", "user": 1, "content_type": 6, "object_id": "3", "object_repr": "student2", "action_flag": 2, "change_message": "[{\"changed\": {\"fields\": [\"First name\", \"Last name\", \"Is student\"]}}]"}}, {"model": "admin.logentry", "pk": 15, "fields": {"action_time": "2023-11-27T17:12:55.357Z", "user": 1, "content_type": 6, "object_id": "4", "object_repr": "student3", "action_flag": 1, "change_message": "[{\"added\": {}}]"}}, {"model": "admin.logentry", "pk": 16, "fields": {"action_time": "2023-11-27T17:13:12.476Z", "user": 1, "content_type": 6, "object_id": "4", "object_repr": "student3", "action_flag": 2, "change_message": "[{\"changed\": {\"fields\": [\"First name\", \"Last name\", \"Is student\"]}}]"}}, {"model": "admin.logentry", "pk": 17, "fields": {"action_time": "2023-11-27T17:13:29.511Z", "user": 1, "content_type": 6, "object_id": "5", "object_repr": "teacher1", "action_flag": 1, "change_message": "[{\"added\": {}}]"}}, {"model": "admin.logentry", "pk": 18, "fields": {"action_time": "2023-11-27T17:13:41.963Z", "user": 1, "content_type": 6, "object_id": "5", "object_repr": "teacher1", "action_flag": 2, "change_message": "[{\"changed\": {\"fields\": [\"First name\", \"Last name\", \"Is teacher\"]}}]"}}, {"model": "admin.logentry", "pk": 19, "fields": {"action_time": "2023-11-27T17:13:59.135Z", "user": 1, "content_type": 6, "object_id": "6", "object_repr": "teacher2", "action_flag": 1, "change_message": "[{\"added\": {}}]"}}, {"model": "admin.logentry", "pk": 20, "fields": {"action_time": "2023-11-27T17:14:08.687Z", "user": 1, "content_type": 6, "object_id": "6", "object_repr": "teacher2", "action_flag": 2, "change_message": "[{\"changed\": {\"fields\": [\"First name\", \"Last name\", \"Is teacher\"]}}]"}}, {"model": "admin.logentry", "pk": 21, "fields": {"action_time": "2023-11-28T10:27:19.973Z", "user": 1, "content_type": 7, "object_id": "4", "object_repr": "Pen - 20 points ", "action_flag": 2, "change_message": "[{\"changed\": {\"fields\": [\"Units\"]}}]"}}, {"model": "admin.logentry", "pk": 22, "fields": {"action_time": "2023-11-28T10:32:10.755Z", "user": 1, "content_type": 7, "object_id": "3", "object_repr": "Exercise Book - 50 points ", "action_flag": 2, "change_message": "[{\"changed\": {\"fields\": [\"Units\"]}}]"}}, {"model": "admin.logentry", "pk": 23, "fields": {"action_time": "2023-11-28T10:32:18.273Z", "user": 1, "content_type": 7, "object_id": "2", "object_repr": "Geometrical Set - 100 points ", "action_flag": 2, "change_message": "[{\"changed\": {\"fields\": [\"Units\"]}}]"}}, {"model": "admin.logentry", "pk": 24, "fields": {"action_time": "2023-11-28T10:32:24.504Z", "user": 1, "content_type": 7, "object_id": "1", "object_repr": "Pencil - 10 points ", "action_flag": 2, "change_message": "[{\"changed\": {\"fields\": [\"Units\"]}}]"}}, {"model": "admin.logentry", "pk": 25, "fields": {"action_time": "2023-11-28T10:32:42.514Z", "user": 1, "content_type": 7, "object_id": "3", "object_repr": "Exercise Book - 50 points ", "action_flag": 2, "change_message": "[]"}}, {"model": "admin.logentry", "pk": 26, "fields": {"action_time": "2023-11-28T14:30:58.151Z", "user": 1, "content_type": 7, "object_id": "5", "object_repr": "Trip - 1000 points ", "action_flag": 1, "change_message": "[{\"added\": {}}]"}}, {"model": "admin.logentry", "pk": 27, "fields": {"action_time": "2023-11-28T14:48:42.297Z", "user": 1, "content_type": 7, "object_id": "1", "object_repr": "Pencil - 10 points - 2 remaining", "action_flag": 2, "change_message": "[{\"changed\": {\"fields\": [\"Units\"]}}]"}}, {"model": "admin.logentry", "pk": 28, "fields": {"action_time": "2023-11-28T20:04:17.901Z", "user": 1, "content_type": 9, "object_id": "2", "object_repr": "student1", "action_flag": 2, "change_message": "[{\"changed\": {\"fields\": [\"Grade\", \"Adm no\"]}}]"}}, {"model": "admin.logentry", "pk": 29, "fields": {"action_time": "2023-11-28T20:04:28.379Z", "user": 1, "content_type": 9, "object_id": "3", "object_repr": "student2", "action_flag": 2, "change_message": "[{\"changed\": {\"fields\": [\"Grade\", \"Adm no\"]}}]"}}, {"model": "admin.logentry", "pk": 30, "fields": {"action_time": "2023-11-28T20:04:38.997Z", "user": 1, "content_type": 9, "object_id": "4", "object_repr": "student3", "action_flag": 2, "change_message": "[{\"changed\": {\"fields\": [\"Grade\", \"Adm no\"]}}]"}}, {"model": "admin.logentry", "pk": 31, "fields": {"action_time": "2023-11-29T19:30:42.626Z", "user": 1, "content_type": 8, "object_id": "7", "object_repr": "Discipline - 50 pts", "action_flag": 1, "change_message": "[{\"added\": {}}]"}}, {"model": "admin.logentry", "pk": 32, "fields": {"action_time": "2023-11-29T19:41:31.054Z", "user": 1, "content_type": 7, "object_id": "6", "object_repr": "T-shirt - 200 points - 2 remaining", "action_flag": 1, "change_message": "[{\"added\": {}}]"}}, {"model": "admin.logentry", "pk": 33, "fields": {"action_time": "2023-11-29T19:42:18.524Z", "user": 1, "content_type": 7, "object_id": "1", "object_repr": "Pencil - 10 points - 2 remaining", "action_flag": 2, "change_message": "[{\"changed\": {\"fields\": [\"Units\"]}}]"}}, {"model": "admin.logentry", "pk": 34, "fields": {"action_time": "2023-12-03T17:11:03.958Z", "user": 1, "content_type": 7, "object_id": "4", "object_repr": "Pen - 20 points - 5 remaining", "action_flag": 2, "change_message": "[{\"changed\": {\"fields\": [\"Units\"]}}]"}}, {"model": "admin.logentry", "pk": 35, "fields": {"action_time": "2023-12-03T17:11:13.985Z", "user": 1, "content_type": 7, "object_id": "1", "object_repr": "Pencil - 10 points - 8 remaining", "action_flag": 2, "change_message": "[{\"changed\": {\"fields\": [\"Units\"]}}]"}}, {"model": "admin.logentry", "pk": 36, "fields": {"action_time": "2023-12-05T04:32:38.266Z", "user": 1, "content_type": 6, "object_id": "2", "object_repr": "student1", "action_flag": 2, "change_message": "[{\"changed\": {\"fields\": [\"First name\", \"Last name\"]}}]"}}, {"model": "admin.logentry", "pk": 37, "fields": {"action_time": "2023-12-05T04:32:52.541Z", "user": 1, "content_type": 6, "object_id": "3", "object_repr": "student2", "action_flag": 2, "change_message": "[{\"changed\": {\"fields\": [\"First name\", \"Last name\"]}}]"}}, {"model": "admin.logentry", "pk": 38, "fields": {"action_time": "2023-12-05T04:33:20.770Z", "user": 1, "content_type": 6, "object_id": "4", "object_repr": "student3", "action_flag": 2, "change_message": "[{\"changed\": {\"fields\": [\"First name\", \"Last name\"]}}]"}}, {"model": "admin.logentry", "pk": 39, "fields": {"action_time": "2023-12-05T04:33:36.674Z", "user": 1, "content_type": 6, "object_id": "5", "object_repr": "teacher1", "action_flag": 2, "change_message": "[{\"changed\": {\"fields\": [\"First name\", \"Last name\"]}}]"}}, {"model": "admin.logentry", "pk": 40, "fields": {"action_time": "2023-12-05T04:33:53.894Z", "user": 1, "content_type": 6, "object_id": "6", "object_repr": "teacher2", "action_flag": 2, "change_message": "[{\"changed\": {\"fields\": [\"First name\", \"Last name\"]}}]"}}, {"model": "admin.logentry", "pk": 41, "fields": {"action_time": "2023-12-06T18:03:12.292Z", "user": 1, "content_type": 7, "object_id": "1", "object_repr": "Pencil - 10 points - 5 remaining", "action_flag": 2, "change_message": "[{\"changed\": {\"fields\": [\"Units\"]}}]"}}, {"model": "admin.logentry", "pk": 42, "fields": {"action_time": "2023-12-06T18:03:22.555Z", "user": 1, "content_type": 7, "object_id": "5", "object_repr": "Trip - 1000 points - 1 remaining", "action_flag": 2, "change_message": "[{\"changed\": {\"fields\": [\"Units\"]}}]"}}, {"model": "auth.permission", "pk": 1, "fields": {"name": "Can add log entry", "content_type": 1, "codename": "add_logentry"}}, {"model": "auth.permission", "pk": 2, "fields": {"name": "Can change log entry", "content_type": 1, "codename": "change_logentry"}}, {"model": "auth.permission", "pk": 3, "fields": {"name": "Can delete log entry", "content_type": 1, "codename": "delete_logentry"}}, {"model": "auth.permission", "pk": 4, "fields": {"name": "Can view log entry", "content_type": 1, "codename": "view_logentry"}}, {"model": "auth.permission", "pk": 5, "fields": {"name": "Can add permission", "content_type": 2, "codename": "add_permission"}}, {"model": "auth.permission", "pk": 6, "fields": {"name": "Can change permission", "content_type": 2, "codename": "change_permission"}}, {"model": "auth.permission", "pk": 7, "fields": {"name": "Can delete permission", "content_type": 2, "codename": "delete_permission"}}, {"model": "auth.permission", "pk": 8, "fields": {"name": "Can view permission", "content_type": 2, "codename": "view_permission"}}, {"model": "auth.permission", "pk": 9, "fields": {"name": "Can add group", "content_type": 3, "codename": "add_group"}}, {"model": "auth.permission", "pk": 10, "fields": {"name": "Can change group", "content_type": 3, "codename": "change_group"}}, {"model": "auth.permission", "pk": 11, "fields": {"name": "Can delete group", "content_type": 3, "codename": "delete_group"}}, {"model": "auth.permission", "pk": 12, "fields": {"name": "Can view group", "content_type": 3, "codename": "view_group"}}, {"model": "auth.permission", "pk": 13, "fields": {"name": "Can add content type", "content_type": 4, "codename": "add_contenttype"}}, {"model": "auth.permission", "pk": 14, "fields": {"name": "Can change content type", "content_type": 4, "codename": "change_contenttype"}}, {"model": "auth.permission", "pk": 15, "fields": {"name": "Can delete content type", "content_type": 4, "codename": "delete_contenttype"}}, {"model": "auth.permission", "pk": 16, "fields": {"name": "Can view content type", "content_type": 4, "codename": "view_contenttype"}}, {"model": "auth.permission", "pk": 17, "fields": {"name": "Can add session", "content_type": 5, "codename": "add_session"}}, {"model": "auth.permission", "pk": 18, "fields": {"name": "Can change session", "content_type": 5, "codename": "change_session"}}, {"model": "auth.permission", "pk": 19, "fields": {"name": "Can delete session", "content_type": 5, "codename": "delete_session"}}, {"model": "auth.permission", "pk": 20, "fields": {"name": "Can view session", "content_type": 5, "codename": "view_session"}}, {"model": "auth.permission", "pk": 21, "fields": {"name": "Can add user", "content_type": 6, "codename": "add_customuser"}}, {"model": "auth.permission", "pk": 22, "fields": {"name": "Can change user", "content_type": 6, "codename": "change_customuser"}}, {"model": "auth.permission", "pk": 23, "fields": {"name": "Can delete user", "content_type": 6, "codename": "delete_customuser"}}, {"model": "auth.permission", "pk": 24, "fields": {"name": "Can view user", "content_type": 6, "codename": "view_customuser"}}, {"model": "auth.permission", "pk": 25, "fields": {"name": "Can add award item", "content_type": 7, "codename": "add_awarditem"}}, {"model": "auth.permission", "pk": 26, "fields": {"name": "Can change award item", "content_type": 7, "codename": "change_awarditem"}}, {"model": "auth.permission", "pk": 27, "fields": {"name": "Can delete award item", "content_type": 7, "codename": "delete_awarditem"}}, {"model": "auth.permission", "pk": 28, "fields": {"name": "Can view award item", "content_type": 7, "codename": "view_awarditem"}}, {"model": "auth.permission", "pk": 29, "fields": {"name": "Can add point category", "content_type": 8, "codename": "add_pointcategory"}}, {"model": "auth.permission", "pk": 30, "fields": {"name": "Can change point category", "content_type": 8, "codename": "change_pointcategory"}}, {"model": "auth.permission", "pk": 31, "fields": {"name": "Can delete point category", "content_type": 8, "codename": "delete_pointcategory"}}, {"model": "auth.permission", "pk": 32, "fields": {"name": "Can view point category", "content_type": 8, "codename": "view_pointcategory"}}, {"model": "auth.permission", "pk": 33, "fields": {"name": "Can add student profile", "content_type": 9, "codename": "add_studentprofile"}}, {"model": "auth.permission", "pk": 34, "fields": {"name": "Can change student profile", "content_type": 9, "codename": "change_studentprofile"}}, {"model": "auth.permission", "pk": 35, "fields": {"name": "Can delete student profile", "content_type": 9, "codename": "delete_studentprofile"}}, {"model": "auth.permission", "pk": 36, "fields": {"name": "Can view student profile", "content_type": 9, "codename": "view_studentprofile"}}, {"model": "auth.permission", "pk": 37, "fields": {"name": "Can add teacher profile", "content_type": 10, "codename": "add_teacherprofile"}}, {"model": "auth.permission", "pk": 38, "fields": {"name": "Can change teacher profile", "content_type": 10, "codename": "change_teacherprofile"}}, {"model": "auth.permission", "pk": 39, "fields": {"name": "Can delete teacher profile", "content_type": 10, "codename": "delete_teacherprofile"}}, {"model": "auth.permission", "pk": 40, "fields": {"name": "Can view teacher profile", "content_type": 10, "codename": "view_teacherprofile"}}, {"model": "auth.permission", "pk": 41, "fields": {"name": "Can add redeem award", "content_type": 11, "codename": "add_redeemaward"}}, {"model": "auth.permission", "pk": 42, "fields": {"name": "Can change redeem award", "content_type": 11, "codename": "change_redeemaward"}}, {"model": "auth.permission", "pk": 43, "fields": {"name": "Can delete redeem award", "content_type": 11, "codename": "delete_redeemaward"}}, {"model": "auth.permission", "pk": 44, "fields": {"name": "Can view redeem award", "content_type": 11, "codename": "view_redeemaward"}}, {"model": "auth.permission", "pk": 45, "fields": {"name": "Can add point transaction", "content_type": 12, "codename": "add_pointtransaction"}}, {"model": "auth.permission", "pk": 46, "fields": {"name": "Can change point transaction", "content_type": 12, "codename": "change_pointtransaction"}}, {"model": "auth.permission", "pk": 47, "fields": {"name": "Can delete point transaction", "content_type": 12, "codename": "delete_pointtransaction"}}, {"model": "auth.permission", "pk": 48, "fields": {"name": "Can view point transaction", "content_type": 12, "codename": "view_pointtransaction"}}, {"model": "contenttypes.contenttype", "pk": 1, "fields": {"app_label": "admin", "model": "logentry"}}, {"model": "contenttypes.contenttype", "pk": 2, "fields": {"app_label": "auth", "model": "permission"}}, {"model": "contenttypes.contenttype", "pk": 3, "fields": {"app_label": "auth", "model": "group"}}, {"model": "contenttypes.contenttype", "pk": 4, "fields": {"app_label": "contenttypes", "model": "contenttype"}}, {"model": "contenttypes.contenttype", "pk": 5, "fields": {"app_label": "sessions", "model": "session"}}, {"model": "contenttypes.contenttype", "pk": 6, "fields": {"app_label": "base", "model": "customuser"}}, {"model": "contenttypes.contenttype", "pk": 7, "fields": {"app_label": "base", "model": "awarditem"}}, {"model": "contenttypes.contenttype", "pk": 8, "fields": {"app_label": "base", "model": "pointcategory"}}, {"model": "contenttypes.contenttype", "pk": 9, "fields": {"app_label": "base", "model": "studentprofile"}}, {"model": "contenttypes.contenttype", "pk": 10, "fields": {"app_label": "base", "model": "teacherprofile"}}, {"model": "contenttypes.contenttype", "pk": 11, "fields": {"app_label": "base", "model": "redeemaward"}}, {"model": "contenttypes.contenttype", "pk": 12, "fields": {"app_label": "base", "model": "pointtransaction"}}, {"model": "sessions.session", "pk": "2qo94r4zb0pug1ce93i6zvnng7hbhq8l", "fields": {"session_data": ".eJxVjDkOwjAQAP_iGlm-s6akzxusXXuNAyiRclSIvyNLKaCdGc1bJDz2lo6N1zQVcRVaXH4ZYX7y3EV54HxfZF7mfZ1I9kSedpPjUvh1O9u_QcOt9W2w1Q1gDVHGDJ6UDQ5sgaEWHUvlqKvyDDlY9EToiCIErgDKoOEgPl_m2jhA:1rAwEO:trUZ01f_7khCFtxNAc9hdgxLM-3vDU5eoV01G_8Newk", "expire_date": "2023-12-20T18:02:44.553Z"}}, {"model": "sessions.session", "pk": "8oaj0ffkfn87g1ua1mm5x2yohvqol2wy", "fields": {"session_data": ".eJxVzM0OwiAQBOB34WwIWX4KHr37DATYRaoGktKeGt9dmvSg15lvZmc-bGvxW6fFz8iuDNjlN4shvageBT5DfTSeWl2XOfKD8LPt_N6Q3rfT_h2U0MtYCwSELFGC0RqcE1lEmTVZI2QmJ11SUYGy1iK4PA2q7AATCiSbtGGfL8nPN18:1rALAQ:etOxgKMrARxPOcBQ5X5gEDhO3sMK3Pp6lJfbOEExFl8", "expire_date": "2023-12-19T02:28:10.285Z"}}, {"model": "sessions.session", "pk": "kz0g6o29jw1jejrq8eg2orv0bkmc29wp", "fields": {"session_data": ".eJxVjDEOwjAMRe-SGUVpXVuBkZ0zRI5j0wJqpaadKu4OlTrA-t97f3OJ16VPa9U5DcVdHLrT75ZZnjruoDx4vE9epnGZh-x3xR-0-ttU9HU93L-Dnmv_rXMmk4YUzwiFMGrHokjQadsINtEom4iRmAVQQmOIELSAtSYBxL0_Bmg4-g:1rAxfX:aXv2mQhqTxpLL4UHmGL72U8IPYGDsaLdmbNBj2506bg", "expire_date": "2023-12-20T19:34:51.542Z"}}, {"model": "sessions.session", "pk": "qacxusa7ng9x4eh3jof2yq8k01x3gnpv", "fields": {"session_data": ".eJxVjDEOwjAMRe-SGUVpXVuBkZ0zRI5j0wJqpaadKu4OlTrA-t97f3OJ16VPa9U5DcVdHLrT75ZZnjruoDx4vE9epnGZh-x3xR-0-ttU9HU93L-Dnmv_rXMmk4YUzwiFMGrHokjQadsINtEom4iRmAVQQmOIELSAtSYBxL0_Bmg4-g:1rAtTE:1d0WaGKHwZ-4KAXGrqia0ouKa7qlr8RCajT_sqjk3fg", "expire_date": "2023-12-20T15:05:52.473Z"}}, {"model": "base.customuser", "pk": 1, "fields": {"password": "pbkdf2_sha256$600000$Ybfp5qoztQ1CXkJgboDpP4$qp0CzHEphPTpr05n23rRFhyB6U1/ijtSzlVZJIva8do=", "last_login": "2023-12-06T19:37:35.763Z", "is_superuser": true, "username": "admin", "email": "", "is_staff": true, "is_active": true, "date_joined": "2023-11-27T17:02:56.662Z", "first_name": "", "last_name": "", "is_student": false, "is_teacher": false, "created_at": "2023-11-27T17:02:57.212Z", "updated_at": "2023-11-27T17:02:57.212Z", "groups": [], "user_permissions": []}}, {"model": "base.customuser", "pk": 2, "fields": {"password": "pbkdf2_sha256$600000$UHhA35KolKREY18p72GZIZ$LWFaEeBTJAUa5CrIDm4ftS76TPBHtFllemTCSZk6QN0=", "last_login": "2023-12-06T15:00:23.633Z", "is_superuser": false, "username": "student1", "email": "", "is_staff": false, "is_active": true, "date_joined": "2023-11-27T17:11:56.089Z", "first_name": "John", "last_name": "Kamau", "is_student": true, "is_teacher": false, "created_at": "2023-11-27T17:11:56.851Z", "updated_at": "2023-12-05T04:32:38.263Z", "groups": [], "user_permissions": []}}, {"model": "base.customuser", "pk": 3, "fields": {"password": "pbkdf2_sha256$600000$3X7gpeifKKWoKf6I1lC6BP$oQjOLgpQm7gu289fEDFElxdryj/VGqPzD28d5gCJnbc=", "last_login": "2023-12-08T20:22:22.457Z", "is_superuser": false, "username": "student2", "email": "", "is_staff": false, "is_active": true, "date_joined": "2023-11-27T17:12:29.813Z", "first_name": "Mercy", "last_name": "Lagat", "is_student": true, "is_teacher": false, "created_at": "2023-11-27T17:12:30.655Z", "updated_at": "2023-12-05T04:32:52.539Z", "groups": [], "user_permissions": []}}, {"model": "base.customuser", "pk": 4, "fields": {"password": "pbkdf2_sha256$600000$wQrP4bKWYwkOhJfUsfYG1j$1qun25vQDDUmlo5pfKMizn8+9aMBHLwbAcxPZNhrPKQ=", "last_login": "2023-12-06T19:37:12.489Z", "is_superuser": false, "username": "student3", "email": "", "is_staff": false, "is_active": true, "date_joined": "2023-11-27T17:12:54.420Z", "first_name": "Collins", "last_name": "Mutua", "is_student": true, "is_teacher": false, "created_at": "2023-11-27T17:12:55.356Z", "updated_at": "2023-12-05T04:33:20.768Z", "groups": [], "user_permissions": []}}, {"model": "base.customuser", "pk": 5, "fields": {"password": "pbkdf2_sha256$600000$eoeotXU37OAGn3uFAfZaQT$i/oFu98GkD5ZGWp+WB1UGlEPPngL11l8zWr8e2kp/lw=", "last_login": "2023-12-06T19:34:51.532Z", "is_superuser": false, "username": "teacher1", "email": "", "is_staff": false, "is_active": true, "date_joined": "2023-11-27T17:13:28.739Z", "first_name": "Peter", "last_name": "Adams", "is_student": false, "is_teacher": true, "created_at": "2023-11-27T17:13:29.509Z", "updated_at": "2023-12-05T04:33:36.671Z", "groups": [], "user_permissions": []}}, {"model": "base.customuser", "pk": 6, "fields": {"password": "pbkdf2_sha256$600000$Axry4PnhVRmQm01OfA8af0$wxU+a4duMmmrYbZL+c3pyRSnR7A4uYKz2F44JCQbp7g=", "last_login": "2023-12-06T18:49:40.065Z", "is_superuser": false, "username": "teacher2", "email": "", "is_staff": false, "is_active": true, "date_joined": "2023-11-27T17:13:58.092Z", "first_name": "Anne", "last_name": "Omondi", "is_student": false, "is_teacher": true, "created_at": "2023-11-27T17:13:59.133Z", "updated_at": "2023-12-05T04:33:53.892Z", "groups": [], "user_permissions": []}}, {"model": "base.studentprofile", "pk": 2, "fields": {"grade": "9", "adm_no": 40, "parent_contact": null}}, {"model": "base.studentprofile", "pk": 3, "fields": {"grade": "10", "adm_no": 50, "parent_contact": null}}, {"model": "base.studentprofile", "pk": 4, "fields": {"grade": "11", "adm_no": 60, "parent_contact": null}}, {"model": "base.teacherprofile", "pk": 5, "fields": {"designation": null, "reg_no": null, "contact": null}}, {"model": "base.teacherprofile", "pk": 6, "fields": {"designation": null, "reg_no": null, "contact": null}}, {"model": "base.pointcategory", "pk": 1, "fields": {"name": "Punctuality", "description": "Never late", "point": 20, "created_at": "2023-11-27T17:07:27.422Z", "updated_at": "2023-11-27T17:07:27.422Z"}}, {"model": "base.pointcategory", "pk": 2, "fields": {"name": "Grit", "description": "Gritty", "point": 20, "created_at": "2023-11-27T17:07:43.844Z", "updated_at": "2023-11-27T17:07:43.844Z"}}, {"model": "base.pointcategory", "pk": 3, "fields": {"name": "Communication", "description": "Expressing one self in correct language and gesture", "point": 20, "created_at": "2023-11-27T17:08:01.238Z", "updated_at": "2023-11-27T17:08:01.238Z"}}, {"model": "base.pointcategory", "pk": 4, "fields": {"name": "First Position", "description": "In any event", "point": 30, "created_at": "2023-11-27T17:08:39.197Z", "updated_at": "2023-11-27T17:08:39.197Z"}}, {"model": "base.pointcategory", "pk": 5, "fields": {"name": "Second Position", "description": "In any event", "point": 20, "created_at": "2023-11-27T17:09:04.942Z", "updated_at": "2023-11-27T17:09:04.942Z"}}, {"model": "base.pointcategory", "pk": 6, "fields": {"name": "Third Position", "description": "In any event", "point": 10, "created_at": "2023-11-27T17:09:28.989Z", "updated_at": "2023-11-27T17:09:28.989Z"}}, {"model": "base.pointcategory", "pk": 7, "fields": {"name": "Discipline", "description": "discipline", "point": 50, "created_at": "2023-11-29T19:30:42.623Z", "updated_at": "2023-11-29T19:30:42.623Z"}}, {"model": "base.pointtransaction", "pk": 1, "fields": {"student": 2, "teacher": 5, "category": 4, "description": "athletics", "created_at": "2023-11-27T17:25:34.989Z", "updated_at": "2023-11-27T17:25:34.989Z"}}, {"model": "base.pointtransaction", "pk": 2, "fields": {"student": 3, "teacher": 5, "category": 5, "description": "sports", "created_at": "2023-11-28T04:24:01.673Z", "updated_at": "2023-11-28T04:24:01.673Z"}}, {"model": "base.pointtransaction", "pk": 3, "fields": {"student": 2, "teacher": 6, "category": 6, "description": "debate", "created_at": "2023-11-28T04:57:24.272Z", "updated_at": "2023-11-28T04:57:24.272Z"}}, {"model": "base.pointtransaction", "pk": 4, "fields": {"student": 2, "teacher": 5, "category": 4, "description": "quiz", "created_at": "2023-11-28T10:38:34.597Z", "updated_at": "2023-11-28T10:38:34.597Z"}}, {"model": "base.pointtransaction", "pk": 5, "fields": {"student": 3, "teacher": 5, "category": 3, "description": "ccc", "created_at": "2023-11-28T10:38:51.160Z", "updated_at": "2023-11-28T10:38:51.160Z"}}, {"model": "base.pointtransaction", "pk": 6, "fields": {"student": 3, "teacher": 5, "category": 4, "description": "quiz", "created_at": "2023-11-28T14:41:41.953Z", "updated_at": "2023-11-28T14:41:41.953Z"}}, {"model": "base.pointtransaction", "pk": 7, "fields": {"student": 2, "teacher": 5, "category": 4, "description": "cat", "created_at": "2023-11-28T14:42:11.641Z", "updated_at": "2023-11-28T14:42:11.642Z"}}, {"model": "base.pointtransaction", "pk": 8, "fields": {"student": 2, "teacher": 5, "category": 5, "description": "exam", "created_at": "2023-11-28T14:42:27.057Z", "updated_at": "2023-11-28T14:42:27.057Z"}}, {"model": "base.pointtransaction", "pk": 9, "fields": {"student": 3, "teacher": 5, "category": 4, "description": "football", "created_at": "2023-11-28T14:43:17.892Z", "updated_at": "2023-11-28T14:43:17.892Z"}}, {"model": "base.pointtransaction", "pk": 10, "fields": {"student": 3, "teacher": 5, "category": 5, "description": "ff", "created_at": "2023-11-28T15:27:37.588Z", "updated_at": "2023-11-28T15:27:37.588Z"}}, {"model": "base.pointtransaction", "pk": 11, "fields": {"student": 2, "teacher": 6, "category": 6, "description": "rugby", "created_at": "2023-11-28T17:58:32.111Z", "updated_at": "2023-11-28T17:58:32.111Z"}}, {"model": "base.pointtransaction", "pk": 12, "fields": {"student": 2, "teacher": 6, "category": 4, "description": "quiz", "created_at": "2023-11-29T19:46:15.838Z", "updated_at": "2023-11-29T19:46:15.838Z"}}, {"model": "base.pointtransaction", "pk": 13, "fields": {"student": 3, "teacher": 6, "category": 7, "description": "good discipline again", "created_at": "2023-11-29T19:46:42.260Z", "updated_at": "2023-11-29T19:57:08.009Z"}}, {"model": "base.pointtransaction", "pk": 14, "fields": {"student": 4, "teacher": 6, "category": 3, "description": "cc", "created_at": "2023-11-30T04:32:47.322Z", "updated_at": "2023-11-30T04:32:47.322Z"}}, {"model": "base.pointtransaction", "pk": 15, "fields": {"student": 4, "teacher": 6, "category": 4, "description": "sports", "created_at": "2023-11-30T05:40:23.922Z", "updated_at": "2023-11-30T05:40:23.922Z"}}, {"model": "base.pointtransaction", "pk": 16, "fields": {"student": 4, "teacher": 5, "category": 7, "description": "most disciplined", "created_at": "2023-12-03T08:39:43.684Z", "updated_at": "2023-12-03T08:39:43.684Z"}}, {"model": "base.pointtransaction", "pk": 17, "fields": {"student": 4, "teacher": 5, "category": 1, "description": "pp", "created_at": "2023-12-03T11:51:48.239Z", "updated_at": "2023-12-03T11:51:48.239Z"}}, {"model": "base.pointtransaction", "pk": 19, "fields": {"student": 4, "teacher": 5, "category": 2, "description": "gritty", "created_at": "2023-12-03T12:36:14.907Z", "updated_at": "2023-12-03T12:36:14.907Z"}}, {"model": "base.pointtransaction", "pk": 20, "fields": {"student": 2, "teacher": 5, "category": 3, "description": "communication", "created_at": "2023-12-03T12:44:08.613Z", "updated_at": "2023-12-03T21:08:59.222Z"}}, {"model": "base.pointtransaction", "pk": 21, "fields": {"student": 4, "teacher": 6, "category": 7, "description": "dsd", "created_at": "2023-12-03T17:21:53.333Z", "updated_at": "2023-12-03T17:21:53.333Z"}}, {"model": "base.pointtransaction", "pk": 22, "fields": {"student": 4, "teacher": 6, "category": 4, "description": "games", "created_at": "2023-12-03T17:22:10.297Z", "updated_at": "2023-12-03T17:22:10.297Z"}}, {"model": "base.pointtransaction", "pk": 24, "fields": {"student": 2, "teacher": 5, "category": 1, "description": "hh", "created_at": "2023-12-05T02:27:53.675Z", "updated_at": "2023-12-05T02:27:53.675Z"}}, {"model": "base.pointtransaction", "pk": 25, "fields": {"student": 2, "teacher": 5, "category": 1, "description": "for being punctual", "created_at": "2023-12-05T06:41:53.692Z", "updated_at": "2023-12-05T06:41:53.692Z"}}, {"model": "base.pointtransaction", "pk": 26, "fields": {"student": 2, "teacher": 5, "category": 5, "description": "For being second position during the mid term exams", "created_at": "2023-12-05T14:54:11.086Z", "updated_at": "2023-12-05T14:54:11.086Z"}}, {"model": "base.pointtransaction", "pk": 28, "fields": {"student": 2, "teacher": 6, "category": 3, "description": "communicates well", "created_at": "2023-12-06T18:49:03.283Z", "updated_at": "2023-12-06T18:49:03.284Z"}}, {"model": "base.pointtransaction", "pk": 29, "fields": {"student": 4, "teacher": 6, "category": 7, "description": "dd", "created_at": "2023-12-06T19:32:01.891Z", "updated_at": "2023-12-06T19:32:54.271Z"}}, {"model": "base.pointtransaction", "pk": 30, "fields": {"student": 2, "teacher": 5, "category": 1, "description": "very punctual", "created_at": "2023-12-06T20:23:03.297Z", "updated_at": "2023-12-06T20:44:09.096Z"}}, {"model": "base.pointtransaction", "pk": 31, "fields": {"student": 2, "teacher": 5, "category": 6, "description": "sports again", "created_at": "2023-12-07T04:08:27.596Z", "updated_at": "2023-12-07T04:18:45.951Z"}}, {"model": "base.awarditem", "pk": 1, "fields": {"name": "Pencil", "points": 10, "description": "", "units": 4, "created_at": "2023-11-27T17:10:18.988Z", "updated_at": "2023-12-06T18:48:18.362Z"}}, {"model": "base.awarditem", "pk": 2, "fields": {"name": "Geometrical Set", "points": 100, "description": "", "units": 8, "created_at": "2023-11-27T17:10:47.980Z", "updated_at": "2023-11-28T10:32:18.272Z"}}, {"model": "base.awarditem", "pk": 3, "fields": {"name": "Exercise Book", "points": 50, "description": "", "units": 6, "created_at": "2023-11-27T17:11:16.318Z", "updated_at": "2023-12-06T19:35:18.246Z"}}, {"model": "base.awarditem", "pk": 4, "fields": {"name": "Pen", "points": 20, "description": "", "units": 2, "created_at": "2023-11-27T17:11:26.709Z", "updated_at": "2023-12-06T18:00:21.876Z"}}, {"model": "base.awarditem", "pk": 5, "fields": {"name": "Trip", "points": 1000, "description": "", "units": 1, "created_at": "2023-11-28T14:30:58.145Z", "updated_at": "2023-12-06T18:03:22.553Z"}}, {"model": "base.awarditem", "pk": 6, "fields": {"name": "T-shirt", "points": 200, "description": "well designed t-shirt", "units": 2, "created_at": "2023-11-29T19:41:31.053Z", "updated_at": "2023-11-29T19:41:31.053Z"}}, {"model": "base.redeemaward", "pk": 1, "fields": {"select_award": 1, "student": 2, "date_redeemed": "2023-11-27T17:26:28.262Z"}}, {"model": "base.redeemaward", "pk": 2, "fields": {"select_award": 1, "student": 2, "date_redeemed": "2023-11-28T04:22:42.156Z"}}, {"model": "base.redeemaward", "pk": 3, "fields": {"select_award": 4, "student": 3, "date_redeemed": "2023-11-28T04:24:39.507Z"}}, {"model": "base.redeemaward", "pk": 4, "fields": {"select_award": 4, "student": 2, "date_redeemed": "2023-11-28T04:58:17.429Z"}}, {"model": "base.redeemaward", "pk": 5, "fields": {"select_award": 1, "student": 2, "date_redeemed": "2023-11-28T14:26:35.219Z"}}, {"model": "base.redeemaward", "pk": 6, "fields": {"select_award": 4, "student": 2, "date_redeemed": "2023-11-28T14:28:08.336Z"}}, {"model": "base.redeemaward", "pk": 7, "fields": {"select_award": 1, "student": 3, "date_redeemed": "2023-11-28T14:29:33.656Z"}}, {"model": "base.redeemaward", "pk": 8, "fields": {"select_award": 1, "student": 3, "date_redeemed": "2023-11-28T14:30:01.908Z"}}, {"model": "base.redeemaward", "pk": 9, "fields": {"select_award": 4, "student": 3, "date_redeemed": "2023-11-28T14:44:14.980Z"}}, {"model": "base.redeemaward", "pk": 10, "fields": {"select_award": 1, "student": 3, "date_redeemed": "2023-11-28T14:45:26.342Z"}}, {"model": "base.redeemaward", "pk": 11, "fields": {"select_award": 1, "student": 3, "date_redeemed": "2023-11-28T14:45:49.522Z"}}, {"model": "base.redeemaward", "pk": 12, "fields": {"select_award": 1, "student": 2, "date_redeemed": "2023-11-28T14:46:56.105Z"}}, {"model": "base.redeemaward", "pk": 13, "fields": {"select_award": 1, "student": 2, "date_redeemed": "2023-11-28T14:47:20.781Z"}}, {"model": "base.redeemaward", "pk": 14, "fields": {"select_award": 1, "student": 2, "date_redeemed": "2023-11-28T14:48:59.215Z"}}, {"model": "base.redeemaward", "pk": 15, "fields": {"select_award": 1, "student": 3, "date_redeemed": "2023-11-28T14:49:50.473Z"}}, {"model": "base.redeemaward", "pk": 16, "fields": {"select_award": 4, "student": 3, "date_redeemed": "2023-11-28T15:28:10.239Z"}}, {"model": "base.redeemaward", "pk": 17, "fields": {"select_award": 4, "student": 2, "date_redeemed": "2023-11-28T15:51:10.735Z"}}, {"model": "base.redeemaward", "pk": 18, "fields": {"select_award": 1, "student": 2, "date_redeemed": "2023-11-29T19:50:30.642Z"}}, {"model": "base.redeemaward", "pk": 19, "fields": {"select_award": 1, "student": 2, "date_redeemed": "2023-11-29T19:51:19.994Z"}}, {"model": "base.redeemaward", "pk": 20, "fields": {"select_award": 4, "student": 2, "date_redeemed": "2023-11-29T21:17:03.359Z"}}, {"model": "base.redeemaward", "pk": 21, "fields": {"select_award": 4, "student": 4, "date_redeemed": "2023-11-30T04:58:30.525Z"}}, {"model": "base.redeemaward", "pk": 22, "fields": {"select_award": 4, "student": 4, "date_redeemed": "2023-12-03T08:45:56.789Z"}}, {"model": "base.redeemaward", "pk": 23, "fields": {"select_award": 3, "student": 4, "date_redeemed": "2023-12-03T17:05:58.592Z"}}, {"model": "base.redeemaward", "pk": 24, "fields": {"select_award": 1, "student": 4, "date_redeemed": "2023-12-03T17:11:45.404Z"}}, {"model": "base.redeemaward", "pk": 25, "fields": {"select_award": 1, "student": 4, "date_redeemed": "2023-12-03T17:13:38.654Z"}}, {"model": "base.redeemaward", "pk": 26, "fields": {"select_award": 1, "student": 4, "date_redeemed": "2023-12-03T17:16:15.753Z"}}, {"model": "base.redeemaward", "pk": 27, "fields": {"select_award": 1, "student": 4, "date_redeemed": "2023-12-03T17:17:15.697Z"}}, {"model": "base.redeemaward", "pk": 28, "fields": {"select_award": 1, "student": 4, "date_redeemed": "2023-12-03T17:21:18.131Z"}}, {"model": "base.redeemaward", "pk": 29, "fields": {"select_award": 1, "student": 4, "date_redeemed": "2023-12-03T17:45:06.126Z"}}, {"model": "base.redeemaward", "pk": 30, "fields": {"select_award": 1, "student": 2, "date_redeemed": "2023-12-05T02:42:54.248Z"}}, {"model": "base.redeemaward", "pk": 31, "fields": {"select_award": 4, "student": 2, "date_redeemed": "2023-12-05T06:09:26.344Z"}}, {"model": "base.redeemaward", "pk": 32, "fields": {"select_award": 1, "student": 2, "date_redeemed": "2023-12-05T14:53:05.886Z"}}, {"model": "base.redeemaward", "pk": 33, "fields": {"select_award": 4, "student": 4, "date_redeemed": "2023-12-05T18:11:12.128Z"}}, {"model": "base.redeemaward", "pk": 34, "fields": {"select_award": 4, "student": 4, "date_redeemed": "2023-12-06T18:00:21.877Z"}}, {"model": "base.redeemaward", "pk": 35, "fields": {"select_award": 1, "student": 4, "date_redeemed": "2023-12-06T18:48:18.364Z"}}, {"model": "base.redeemaward", "pk": 36, "fields": {"select_award": 3, "student": 4, "date_redeemed": "2023-12-06T19:35:18.248Z"}}]